Workbook

Sheet Config
B1: ⛏ SLOT MATH — CONFIG
B2: Plavo = input | Crno = formula
B4: PODEŠAVANJA IGRE
B5: Broj reelova | C5: 5
B6: Broj redova | C6: 3
B7: Broj paylines | C7: 10
B8: Dužina reel trake (virtual reel) | C8: 100
B9: Vidljive pozicije na ekranu (reelovi × redovi) | C9: =C5*C6 -> 15
B12: SIMBOLI — TEŽINE I ISPLATE
B13: Simbol | C13: Tier | D13: Težina | E13: % po reelu | F13: 3× isplata | G13: 4× isplata | H13: 5× isplata | I13: RTP doprinos
B14: Helmet | C14: Low | D14: 22 | E14: =D14/SUM($D$14:$D$21) -> 0.22 | F14: 10 | G14: 25 | H14: 80 | I14: =E14^3*F14 + E14^4*G14 + E14^5*H14 -> 0.20627306
B15: Axe | C15: Low | D15: 18 | E15: =D15/SUM($D$14:$D$21) -> 0.18 | F15: 12 | G15: 35 | H15: 120 | I15: =E15^3*F15 + E15^4*G15 + E15^5*H15 -> 0.12940042
B16: Shoes | C16: Low | D16: 16 | E16: =D16/SUM($D$14:$D$21) -> 0.16 | F16: 15 | G16: 45 | H16: 150 | I16: =E16^3*F16 + E16^4*G16 + E16^5*H16 -> 0.10665984
B17: Anchor | C17: Mid | D17: 14 | E17: =D17/SUM($D$14:$D$21) -> 0.14 | F17: 25 | G17: 75 | H17: 250 | I17: =E17^3*F17 + E17^4*G17 + E17^5*H17 -> 0.1108576
B18: Tent | C18: Mid | D18: 12 | E18: =D18/SUM($D$14:$D$21) -> 0.12 | F18: 40 | G18: 120 | H18: 400 | I18: =E18^3*F18 + E18^4*G18 + E18^5*H18 -> 0.10395648
B19: Rock Climber Logo ⚡ | C19: Scatter | D19: 3 | E19: =D19/SUM($D$14:$D$21) -> 0.03 | F19: 0 | G19: 0 | H19: 0 | I19: =E19^3*F19 + E19^4*G19 + E19^5*H19 -> 0
B20: Miner | C20: High | D20: 10 | E20: =D20/SUM($D$14:$D$21) -> 0.1 | F20: 80 | G20: 240 | H20: 800 | I20: =E20^3*F20 + E20^4*G20 + E20^5*H20 -> 0.112
B21: Yeti | C21: High | D21: 5 | E21: =D21/SUM($D$14:$D$21) -> 0.05 | F21: 800 | G21: 2400 | H21: 8000 | I21: =E21^3*F21 + E21^4*G21 + E21^5*H21 -> 0.1175
B22: UKUPNO | D22: =SUM(D14:D21) -> 100 | I22: =SUM(I14:I21) -> 0.88664739
B24: 💡 RTP od paylines (bez scattera): | F24: =I22 -> 0.88664739
B26: ℹ️ RTP formula = Σ(p³×pay3 + p⁴×pay4 + p⁵×pay5) bez množenja brojem linija. | Dobitci na RAZLIČITIM paylines se SABIRAJU. | Na ISTOJ paylines plaća samo NAJVEĆI match (4× ne plaća i 3×). | Smer čitanja linija: samo LEVO → DESNO.
B29: 🎯 SCATTER — Rock Climber Logo (plaća 3, 4 ili 5× bilo gde na ekranu, nezavisno od paylines)
B30: Scatter plaća kada padne 3, 4 ili 5 puta BILO GDE na ekranu (C9 = 15 vidljivih pozicija = 5 reelova × 3 reda). Formula: BINOMDIST(k, 15, p_po_poziciji, NETAČNO) gde je p = težina RCL / ukupna težina reela = 3/100 = 3%. Isplate su množilac UKUPNOG ULOGA (ne uloga po liniji).
B31: Kombinacija | C31: Verovatnoća | D31: Isplata (×ukupan ulog) | E31: RTP doprinos
B32: 3× Scatter | C32: =BINOMDIST(3,C9,E19,0) -> 0.0085238534 | D32: 5 | E32: =C32*D32 -> 0.042619267
B33: 4× Scatter | C33: =BINOMDIST(4,C9,E19,0) -> 0.000790873 | D33: 20 | E33: =C33*D33 -> 0.01581746
B34: 5× Scatter | C34: =BINOMDIST(5,C9,E19,0) -> 5.3811977e-05 | D34: 100 | E34: =C34*D34 -> 0.0053811977
B35: Scatter ukupni RTP doprinos | E35: =SUM(E32:E34) -> 0.063817925
B37: 📊 UKUPNI RTP (linije + scatter): | F37: =I22+E35 -> 0.95046532 | G37: =IF(F37>=0.92,"✅ OK — cilj je 92–96%",IF(F37>0.97,"⚠️ Previše isplaćuje (>97%)","⚠️ Prenisko (<92%) — povećaj isplate")) -> ✅ OK — cilj je 92–96%

Sheet Paylines
B1: ⛏ PAYLINES — 10 linija isplate
B3: Linija | C3: Reel 1 | D3: Reel 2 | E3: Reel 3 | F3: Reel 4 | G3: Reel 5 | H3: Opis
B4: Linija 1 | C4: ↑ Gore | D4: ↑ Gore | E4: ↑ Gore | F4: ↑ Gore | G4: ↑ Gore | H4: Gornja horizontalna
B5: Linija 2 | C5: ↑ Gore | D5: ↑ Gore | E5: → Sredina | F5: ↑ Gore | G5: ↑ Gore | H5: Manje V
B6: Linija 3 | C6: ↑ Gore | D6: → Sredina | E6: ↓ Dole | F6: → Sredina | G6: ↑ Gore | H6: V oblik
B7: Linija 4 | C7: → Sredina | D7: ↑ Gore | E7: ↑ Gore | F7: ↑ Gore | G7: → Sredina | H7: _ - - - _
B8: Linija 5 | C8: → Sredina | D8: → Sredina | E8: → Sredina | F8: → Sredina | G8: → Sredina | H8: Srednja horizontalna
B9: Linija 6 | C9: → Sredina | D9: ↓ Dole | E9: ↓ Dole | F9: ↓ Dole | G9: → Sredina | H9: - _ _ _ -
B10: Linija 7 | C10: ↓ Dole | D10: → Sredina | E10: ↑ Gore | F10: → Sredina | G10: ↓ Dole | H10: Obrnuto V
B11: Linija 8 | C11: ↓ Dole | D11: ↓ Dole | E11: → Sredina | F11: ↓ Dole | G11: ↓ Dole | H11: obrnuto manje V
B12: Linija 9 | C12: ↓ Dole | D12: ↓ Dole | E12: ↓ Dole | F12: ↓ Dole | G12: ↓ Dole | H12: Donja horizontalna

Sheet RTP Breakdown
B1: ⛏ RTP BREAKDOWN — doprinos po simbolu
B3: Simbol | C3: Težina | D3: % Reel | E3: 3× prob | F3: 4× prob | G3: 5× prob | H3: RTP doprinos | I3: % od ukupnog
B4: =Config!B14 -> Helmet | C4: =Config!D14 -> 22 | D4: =Config!E14 -> 0.22 | E4: =0.22^3 -> 0.010648 | F4: =D4^4 -> 0.00234256 | G4: =D4^5 -> 0.0005153632 | H4: =Config!I14 -> 0.20627306 | I4: =H4/H12 -> 0.23264384
B5: =Config!B15 -> Axe | C5: =Config!D15 -> 18 | D5: =Config!E15 -> 0.18 | E5: =D5^3 -> 0.005832 | F5: =D5^4 -> 0.00104976 | G5: =D5^5 -> 0.0001889568 | H5: =Config!I15 -> 0.12940042 | I5: =H5/H12 -> 0.14594349
B6: =Config!B16 -> Shoes | C6: =Config!D16 -> 16 | D6: =Config!E16 -> 0.16 | E6: =D6^3 -> 0.004096 | F6: =D6^4 -> 0.00065536 | G6: =D6^5 -> 0.0001048576 | H6: =Config!I16 -> 0.10665984 | I6: =H6/H12 -> 0.12029567
B7: =Config!B17 -> Anchor | C7: =Config!D17 -> 14 | D7: =Config!E17 -> 0.14 | E7: =D7^3 -> 0.002744 | F7: =D7^4 -> 0.00038416 | G7: =D7^5 -> 5.37824e-05 | H7: =Config!I17 -> 0.1108576 | I7: =H7/H12 -> 0.12503009
B8: =Config!B18 -> Tent | C8: =Config!D18 -> 12 | D8: =Config!E18 -> 0.12 | E8: =D8^3 -> 0.001728 | F8: =D8^4 -> 0.00020736 | G8: =D8^5 -> 2.48832e-05 | H8: =Config!I18 -> 0.10395648 | I8: =H8/H12 -> 0.1172467
B9: =Config!B19 -> Rock Climber Logo ⚡ | C9: =Config!D19 -> 3 | D9: =Config!E19 -> 0.03 | E9: 0 | F9: 0 | G9: 0 | H9: =Config!I19 -> 0 | I9: =H9/H12 -> 0
B10: =Config!B20 -> Miner | C10: =Config!D20 -> 10 | D10: =Config!E20 -> 0.1 | E10: =D10^3 -> 0.001 | F10: =D10^4 -> 0.0001 | G10: =D10^5 -> 1e-05 | H10: =Config!I20 -> 0.112 | I10: =H10/H12 -> 0.12631854
B11: =Config!B21 -> Yeti | C11: =Config!D21 -> 5 | D11: =Config!E21 -> 0.05 | E11: =D11^3 -> 0.000125 | F11: =D11^4 -> 6.25e-06 | G11: =D11^5 -> 3.125e-07 | H11: =Config!I21 -> 0.1175 | I11: =H11/H12 -> 0.13252168
B12: UKUPNI RTP | H12: =SUM(H4:H11) -> 0.88664739 | I12: =IFERROR(H12/$H$16,0) -> 0
B14: 🎯 SCATTER — Rock Climber Logo
B15: Rock Climber Logo (scatter) | C15: =Config!D19 -> 3 | I15: =IFERROR(H15/$H$16,0) -> 0
B16: UKUPNI RTP (linije + scatter)
B18: VODIČ ZA PODEŠAVANJE
B19: Cilj | C19: RTP između 92% i 96%. Ispod 92% = igra nije privlačna. Iznad 97% = preskupa za operatora.
B20: Poveći RTP | C20: Povećaj isplate u kolonama F, G, H u Config sheetu. Yeti i Miner imaju najveći efekat.
B21: Smanji RTP | C21: Smanji isplate, ili povećaj težine common simbola (Helmet, Axe).
B22: Volatilnost | C22: Retki simboli s velikim isplatama = visoka volatilnost (dugi gubici, pa veliki dobitak).
B23: Provjera | C23: Nakon svakog balansiranja provjeri da ukupna težina (D kolona) ostaje 50.
